Locus	Allele Class	Allele Frequency: AFR (%)	Allele Frequency: AMR (%)	Allele Frequency: EAS (%)	Allele Frequency: EUR (%)	Allele Frequency: SAS (%)	Most Frequent Repeat Copy: AFR	Most Frequent Repeat Copy: AMR	Most Frequent Repeat Copy: EAS	Most Frequent Repeat Copy: EUR	Most Frequent Repeat Copy: SAS	Most Frequent Repeat Copy (%): AFR	Most Frequent Repeat Copy (%): AMR	Most Frequent Repeat Copy (%): EAS	Most Frequent Repeat Copy (%): EUR	Most Frequent Repeat Copy (%): SAS	Repeat Copy Range: AFR	Repeat Copy Range: AMR	Repeat Copy Range: EAS	Repeat Copy Range: EUR	Repeat Copy Range: SAS	Average Non-Canonical Base: AFR (%)	Average Non-Canonical Base: AMR (%)	Average Non-Canonical Base: EAS (%)	Average Non-Canonical Base: EUR (%)	Average Non-Canonical Base: SAS (%)	Most Frequent Non-Canonical Motif: AFR	Most Frequent Non-Canonical Motif: AMR	Most Frequent Non-Canonical Motif: EAS	Most Frequent Non-Canonical Motif: EUR	Most Frequent Non-Canonical Motif: SAS	Most Frequent Non-Canonical Motif (%): AFR	Most Frequent Non-Canonical Motif (%): AMR	Most Frequent Non-Canonical Motif (%): EAS	Most Frequent Non-Canonical Motif (%): EUR	Most Frequent Non-Canonical Motif (%): SAS	Total Number of Alleles: AFR	Total Number of Alleles: AMR	Total Number of Alleles: EAS	Total Number of Alleles: EUR	Total Number of Alleles: SAS
AFF2	intermediate	25.11	57.94	66.56	35.46	44.90	31	32	31	31	31	24.32	26.03	52.22	25.84	49.24	31.00-51.00	31.00-55.00	31.00-43.00	31.00-44.00	31.00-50.00	17.44	18.08	18.63	17.88	18.68	CTG	CAG	CGG	CCT	CTG	19.14	19.29	19.41	19.21	19.16	111	146	203	89	132
AFF2	normal	74.43	42.06	33.44	64.14	55.10	28	28	30	28	28	45.29	55.66	37.25	57.76	58.02	19.00-30.00	25.00-30.00	20.00-30.00	17.00-30.00	23.00-30.00	21.02	21.27	22.10	21.51	21.20	CTG	CTG	CTG	CAG	CGG	19.53	19.27	19.35	19.44	19.25	329	106	102	161	162
AFF2	premutation	0.45			0.40		73			65		50			100		73.00-75.00			65.00-65.00		25.37			26.15		AG			AG		11.11			10		2			1	
AFF3	normal	98.29	91.18	95.73	96.47	95.09	8	8	8	8	8	68.93	62.46	63.86	52.68	56.02	4.00-18.00	4.00-20.00	4.00-20.00	4.00-20.00	3.00-20.00	0.38	0.50	0.37	0.54	0.44	.	.	.	.	.	95.45	94.44	93.35	92.76	94.36	634	341	404	355	407
AFF3	unknown	1.71	8.82	4.27	3.53	4.91	32	22	23	22	22	18.18	15.15	22.22	15.38	28.57	22.00-65.00	21.00-48.00	21.00-34.00	22.00-63.00	21.00-37.00	8.03	0.71	6.42	10.22	9.16	.	.	.	.	.	22.22	77.78	88.89	27.03	85.71	11	33	18	13	21
AR	full mutation		0.36					41					100					41.00-41.00					0					.					100					1			
AR	normal	100	99.64	99.40	99.62	99.66	18	22	22	21	23	14.10	18.35	15.76	18.08	15.99	9.00-34.00	13.00-31.00	14.00-32.00	8.00-34.00	14.00-34.00	0.48	0.20	0.21	0.48	0.34	.	.	.	.	.	85.07	92.61	90.36	84.89	87.30	468	278	330	260	294
AR	reduced penetrance			0.30	0.38				37	36				100	100				37.00-37.00	36.00-36.00				9.73	10				AGA	AGA				20	20				1	1	
AR	unknown			0.30		0.34			35		35			100		100			35.00-35.00		35.00-35.00			0		13.08			.		C			100		16.67			1		1
ARX-1	normal	99.38	99.33	99.07	99.28	99.69	16	16	16	16	16	64.36	65.10	65.94	82.12	69.09	13.00-16.00	15.00-16.00	15.00-16.00	15.00-16.00	15.00-16.00	89.35	89.46	89.20	88.35	89.19	CGC	CGC	CGC	CGC	CGC	47.56	47.37	46.22	47.55	47.07	477	298	320	274	317
ARX-1	unknown	0.62	0.67	0.93	0.72	0.31	17	17	17	17	17	100	100	100	100	100	17.00-17.00	17.00-17.00	17.00-17.00	17.00-17.00	17.00-17.00	88.31	88.35	88.24	85.29	88.24	CGC	CGC	CGC	CGC	CGC	27.27	33.33	50	50	50	3	2	3	2	1
ARX-2	normal	99.53	99.72	99.52	99.72	99.26	12	12	12	12	12	95.60	95.28	93.06	92.80	95.29	11.00-12.00	11.00-12.00	10.00-12.00	10.00-12.00	11.00-12.00	42.26	42.18	42.54	42.50	42.25	CGC	CGC	CGC	CGC	CGC	45.53	46.81	44.95	44.79	45.69	637	360	418	361	403
ARX-2	unknown	0.47	0.28	0.48	0.28	0.74	13	13	13	13	14	66.67	100	100	100	66.67	13.00-14.00	13.00-13.00	13.00-13.00	13.00-13.00	13.00-14.00	51.02	46.15	46.83	47.50	50.23	C	CGC	C	C	C	21.43	50	22.22	33.33	23.08	3	1	2	1	3
ATN1	normal	100	100	100	100	100	17	19	21	19	19	30.65	38.97	19.33	32.98	28.31	7.00-27.00	10.00-25.00	11.00-29.00	11.00-25.00	10.00-28.00	12.40	11.75	11.21	11.74	11.34	CAA	CAA	CAA	CAA	CAA	95.92	95.35	92.90	94.32	93.86	659	390	445	382	445
ATXN1	normal	100	100	100	100	100	30	30	28	30	29	26.96	32.10	36.50	37.64	24.39	19.00-36.00	20.00-36.00	17.00-34.00	22.00-37.00	21.00-36.00	5.68	6.18	5.60	6.72	6.30	CAT	CAT	CAT	CAT	CAT	87.09	91.46	89.31	90.28	86.27	638	377	411	356	410
ATXN10	full mutation		0.74					954					33.33					954.00-1065.00					26.14					GTTCT					5.88					3			
ATXN10	normal	100	98.28	100	100	100	13	14	14	14	14	32.57	37.59	34.07	36.27	27.41	7.00-21.00	7.00-22.00	9.00-22.00	11.00-20.00	7.00-20.00	1.83	1.58	1.37	2.63	2.35	.	.	.	.	.	66.67	68.98	68.60	55.13	57.55	703	399	455	408	478
ATXN10	reduced penetrance		0.99					277					25					277.00-751.00					29.74					G					2.67					4			
ATXN2	normal	100	100	100	100	100	22	22	22	22	22	54.84	82.69	90.42	85.71	90.53	12.00-30.00	20.00-29.00	15.00-31.00	13.00-30.00	19.00-30.00	7.08	7.32	7.10	7.51	7.45	CAA	CAA	CAA	CAA	CAA	90.24	90.34	90.40	93.70	90.95	609	364	407	343	412
ATXN3	intermediate		0.50					45					100					45.00-45.00					6.67					AAG					50					2			
ATXN3	normal	100	99.50	100	100	100	22	23	14	23	23	16.57	37.09	40.40	30.79	20.31	14.00-41.00	13.00-41.00	13.00-39.00	13.00-38.00	13.00-41.00	13.33	14.50	15.98	14.84	13.66	CAA	CAA	CAA	CAA	CAA	45.90	48.01	47.20	46.50	46.58	682	399	448	393	453
ATXN7	normal	100	100	100	100	100	10	10	10	10	10	62.24	68.92	79.17	77.78	76.52	6.00-19.00	7.00-15.00	7.00-14.00	7.00-13.00	8.00-14.00	1.45	0.67	0.95	0.68	0.68	.	.	.	.	.	82.57	92	92.58	90.08	90.24	670	399	456	378	443
ATXN8OS	full mutation	0.47	1.04		1.34		73	67		69		33.33	25		20		73.00-687.00	67.00-652.00		69.00-777.00		0	5.99		17.88		.	.		TTG		100	6.25		20		3	4		5	
ATXN8OS	normal	99.53	98.96	100	98.66	100	14	12	8	15	12	19.50	21.64	13.50	21.25	28.44	4.00-38.00	6.00-23.00	6.00-26.00	5.00-26.00	6.00-23.00	0.49	0.29	0.21	0.26	0.46	.	.	.	.	.	89.42	93.81	95.68	95.68	90.87	641	379	437	367	450
BEAN1	normal	100	100	100	100	100	14	17	16	18	18	13.72	14.50	14.67	19.85	20.09	7.00-254.00	10.00-959.00	10.00-1291.00	10.00-1099.00	10.00-1650.00	8.13	6.96	5.14	7.46	7.03	TAA	TAA	TAA	TAA	TAA	40.93	55.95	71.88	51.00	54.21	678	400	443	388	443
C9ORF72	normal	99.81	99.72	100	100	100	2	2	2	2	2	42.91	53.59	56.40	56.10	50.26	1.00-15.00	2.00-17.00	2.00-13.00	1.00-20.00	1.00-22.00	1.31	1.20	0.80	1.19	2.50	.	.	.	.	.	90.42	92.66	92.68	93.64	82.20	536	362	406	328	392
C9ORF72	unknown	0.19	0.28				27	27				100	100				27.00-27.00	27.00-27.00				0	0				.	.				100	100				1	1			
CACNA1A	normal	57.50	58.54	57.37	53.40	56.14	10	12	12	12	10	41.36	29.71	37.50	28.65	31.92	4.00-17.00	3.00-15.00	3.00-17.00	3.00-14.00	3.00-14.00	0.21	0.21	0.28	0.26	0.30	.	.	.	.	.	96.93	96.56	95.54	95.78	95.13	648	377	424	377	448
CACNA1A	unknown	42.50	41.46	42.63	46.60	43.86	19	19	19	19	19	100	100	100	100	100	19.00-19.00	19.00-19.00	19.00-19.00	19.00-19.00	19.00-19.00	0.44	0.29	0.37	0.30	0.38	.	.	.	.	.	91.12	95.15	94.01	95.17	93.79	479	267	315	329	350
CBL	normal	100	100	100	100	100	11	11	11	11	11	55.88	71.19	63.96	66.86	53.52	4.00-17.00	8.00-31.00	7.00-29.00	7.00-23.00	5.00-46.00	2.74	2.20	4.58	3.09	5.22	.	.	TGG	.	TGG	67.72	70.83	50.24	60.67	54.61	621	354	394	344	398
CNBP	normal	99.47	99.49	100	100	100	16	15	15	15	15	26.48	60.57	61.24	71.68	59.53	10.00-30.00	8.00-28.00	10.00-22.00	7.00-22.00	11.00-27.00	11.51	12.72	12.76	13.11	13.07	TCTG	TCTG	TCTG	TCTG	TCTG	44.69	48.56	49.94	48.40	47.77	559	388	418	392	425
CNBP	premutation	0.53	0.51				36	32				33.33	100				36.00-50.00	32.00-32.00				5.77	0				TCTG	.				37.50	100				3	2			
COMP	normal	100	100	100	100	100	5	5	5	5	5	99.70	100	99.31	99.74	99.77	4.00-5.00	5.00-5.00	4.00-5.00	4.00-5.00	4.00-5.00	0.65	0.37	0.34	0.70	0.47	.	.	.	.	.	95.24	96.76	97.70	93.99	97.04	664	399	434	380	437
CSTB	full mutation	0.33					44					50					44.00-47.00					5.30					.					14.29					2				
CSTB	normal	98.19	99.72	100	99.38	99.74	3	2	2	3	2	64.49	59.50	67.99	70.09	51.16	1.00-3.00	1.00-3.00	1.00-3.00	1.00-3.00	1.00-3.00	2.53	2.71	3.00	4.09	2.27	.	.	.	.	.	87.84	88.77	86.19	82.80	87.44	597	358	403	321	387
CSTB	unknown	1.48	0.28		0.62	0.26	5	4		4	5	33.33	100		50	100	4.00-13.00	4.00-4.00		4.00-13.00	5.00-5.00	22.79	0		42.69	20	.	.		.	CCCCGCCCCGTG	31.58	100		7.69	100	9	1		2	1
DAB1	normal	100	100	100	100	100	11	12	12	13	12	21.54	25	39.20	18.58	26.71	6.00-196.00	6.00-983.00	6.00-76.00	6.00-536.00	6.00-267.00	1.73	1.56	1.11	1.47	1.11	.	.	.	.	.	69.12	73.57	71.48	69.49	77.19	701	412	477	409	483
DIP2B	full mutation				0.25					331					100					331.00-331.00					0					.					100					1	
DIP2B	normal	99.11	96.94	100	95.44	97.84	7	7	7	7	7	78.08	79.21	98.44	60.74	83.48	6.00-22.00	6.00-22.00	6.00-15.00	4.00-23.00	6.00-23.00	0.96	0.22	0.12	0.68	0.49	.	.	.	.	.	91.95	96.33	98.45	92.61	92.98	666	380	450	377	454
DIP2B	unknown	0.89	3.06		4.30	2.16	39	24		26	26	33.33	16.67		17.65	40	27.00-41.00	24.00-165.00		24.00-90.00	24.00-37.00	6.28	6.95		4.77	14.17	.	.		.	.	36.36	52.63		24	70	6	12		17	10
DMD	full mutation	20.20	0.68	0.57	1.35	0.30	78	107	87	119	347	4.90	50	50	25	100	59.00-511.00	107.00-148.00	87.00-107.00	119.00-710.00	347.00-347.00	8.32	1.50	0.92	0.43	0.19	A	A	A	A	AG	35.63	40	66.67	42.86	100	102	2	2	4	1
DMD	normal	79.21	99.32	99.14	98.32	99.70	12	21	22	21	21	11.25	12.03	14.70	12.67	14.93	7.00-29.00	8.00-29.00	10.00-30.00	10.00-27.00	10.00-32.00	4.67	4.42	4.68	5.79	4.67	A	A	A	A	A	48.09	45.89	48.90	52.70	48.30	400	291	347	292	335
DMD	unknown	0.59		0.29	0.34		58		34	55		66.67		100	100		47.00-58.00		34.00-34.00	55.00-55.00		36.45		0	30.91		A		.	A		23.08		100	6.67		3		1	1	
DMPK	normal	100	100	99.75	100	100	3	11	3	3	10	21.05	19.84	21.73	27.22	18.16	2.00-18.00	2.00-29.00	3.00-34.00	3.00-31.00	3.00-33.00	0.62	0.97	0.36	0.62	0.82	.	.	.	.	.	92.66	91.28	95.86	92.29	91.76	627	378	405	360	435
DMPK	premutation			0.25					35					100					35.00-35.00					0					.					100					1		
EIF4A3	normal	100	100	100	100	100	5	5	4	5	5	30.86	24.15	29.23	33.33	42.57	1.00-10.00	2.00-10.00	3.00-11.00	3.00-10.00	1.00-9.00	27.66	26.50	25.92	29.86	28.98	GCCGA	GCCGA	GCCGA	GCCGA	GCCGA	24.88	25.62	27.22	30.75	28.00	512	352	390	306	404
FGF14	full mutation		0.23	1.95	0.25	0.21		417	441	832	957		100	11.11	100	100		417.00-417.00	441.00-681.00	832.00-832.00	957.00-957.00		37.89	50.18	82.46	62.83		A	GCA	A	A		20	9.09	2.33	16.67		1	9	1	1
FGF14	normal	100	97.42	96.97	99.00	99.79	9	9	8	9	8	12.12	21.88	36.83	17.34	23.03	6.00-154.00	7.00-234.00	5.00-211.00	7.00-229.00	7.00-217.00	3.43	4.52	3.09	5.43	3.33	.	.	.	GA	.	47.87	39.96	55.17	33.71	40.47	693	416	448	398	482
FGF14	reduced penetrance		2.34	1.08	0.75			308	254	252			20	20	33.33			268.00-317.00	254.00-325.00	252.00-275.00			28.28	20.36	0.20			GAG	GA	.			27.03	28.57	25			10	5	3	
FMR1	intermediate	1.04	0.84		1.81		46	45		48		50	100		50		45.00-49.00	45.00-45.00		47.00-51.00		5.32	4.44		2.90		AGG	AGG		AGG		100	100		75		4	2		4	
FMR1	normal	98.96	99.16	99.65	98.19	99.22	29	29	29	30	30	27.89	38.56	56.64	35.94	40.16	11.00-44.00	17.00-41.00	20.00-43.00	19.00-44.00	19.00-44.00	6.24	6.22	6.76	6.09	6.35	AGG	AGG	AGG	AGG	AGG	80.22	82.96	82.11	79.07	81.67	380	236	286	217	254
FMR1	premutation			0.35		0.78			60		55			100		50			60.00-60.00		55.00-58.00			1.67		1.77			AGG		AGG			100		50			1		2
FOXL2	normal	100	100	99.77	100	99.76	14	14	14	14	14	99.38	97.85	98.37	99.46	97.64	13.00-14.00	13.00-14.00	13.00-14.00	13.00-14.00	10.00-14.00	71.52	71.51	71.51	71.34	71.65	GCA	GCA	GCA	GCA	GCA	32.26	32.55	32.43	33.06	32.31	644	372	429	369	423
FOXL2	unknown			0.23		0.24			15		15			100		100			15.00-15.00		15.00-15.00			73.91		66.67			ACG		ACG			14.29		12.50			1		1
FXN	normal	100	100	100	99.71	100	8	9	9	9	8	43.94	53.20	50.13	34.97	41.30	4.00-23.00	5.00-31.00	6.00-20.00	5.00-30.00	6.00-29.00	0.32	0.22	0.16	0.72	0.32	.	.	.	.	.	94.95	96.94	97.39	90.99	95.34	569	359	383	346	385
FXN	premutation				0.29					34					100					34.00-34.00					0					.					100					1	
GIPC1	normal	98.15	99.21	99.54	99.73	99.54	14	14	14	14	14	30.87	38.36	46.68	40.22	52.33	8.00-32.00	8.00-27.00	6.00-31.00	9.00-23.00	7.00-28.00	12.91	14.47	14.18	14.45	14.41	GGA	GGA	GGA	GGA	GGA	53.36	48.71	48.21	46.98	48.62	635	378	437	368	430
GIPC1	unknown	1.85	0.79	0.46	0.27	0.46	36	71	33	41	33	41.67	66.67	50	100	100	33.00-70.00	37.00-71.00	33.00-35.00	41.00-41.00	33.00-33.00	5.61	14.95	3.40	4.88	3.03	GGA	GGA	GGA	GGA	GGA	85.71	100	66.67	100	100	12	3	2	1	2
GLS	normal	98.90	100	100	100	100	14	14	8	8	14	23.92	22.76	43.53	35.46	27.45	7.00-24.00	5.00-24.00	7.00-26.00	6.00-23.00	7.00-25.00	0.61	0.42	1.15	0.75	0.68	.	.	.	.	.	88.28	91.51	83.89	87.63	87.03	627	369	425	361	408
GLS	unknown	1.10					27					42.86					27.00-39.00					6.63					.					35.29					7				
HOXA13-1	normal	100	100	100	100	100	13	13	13	13	13	65.61	62.31	68.08	81.37	69.97	12.00-14.00	13.00-14.00	12.00-14.00	12.00-14.00	12.00-14.00	46.18	45.98	46.26	46.75	45.85	TGC	AGC	TGC	AGC	TGC	32.70	32.66	32.87	32.52	32.52	535	321	354	306	333
HOXA13-2	normal	100	100	100	100	100	11	11	11	11	11	98.55	98.61	98.28	98.84	98.04	10.00-12.00	10.00-12.00	10.00-12.00	10.00-12.00	9.00-12.00	27.43	27.39	27.38	27.53	27.41	GCC	GCC	GCC	GCC	GCC	49.44	48.98	49.28	49.35	49.10	622	361	408	344	409
HOXA13-3	normal	0.53	0.88	0.53	0.61	0.29	5	6	10	6	5	66.67	66.67	50	100	100	5.00-6.00	6.00-10.00	10.00-11.00	6.00-6.00	5.00-5.00	16.67	6.67	24.70	0	0	GC	.	GCT	.	.	66.67	50	40	100	100	3	3	2	2	1
HOXA13-3	unknown	99.47	99.12	99.47	99.39	99.71	16	16	16	16	16	98.76	97.93	97.06	98.15	96.54	15.00-17.00	15.00-17.00	15.00-17.00	15.00-17.00	15.00-19.00	37.44	37.50	37.48	37.47	37.71	GCT	GCG	GCG	GCT	GCT	33.16	33.04	32.95	32.86	32.64	564	338	374	324	347
HOXD13	normal	99.85	100	100	100	99.54	15	15	15	15	15	98.46	98.93	97.71	98.38	98.14	14.00-16.00	14.00-16.00	8.00-16.00	12.00-16.00	13.00-16.00	31.89	28.06	28.71	28.09	28.82	GCA	GCC	GCA	GCA	GCA	32.81	32.75	32.73	32.77	33	649	375	436	371	430
HOXD13	unknown	0.15				0.46	18				17	100				50	18.00-18.00				17.00-19.00	22.22				30.49	GCA				GCA	33.33				33.33	1				2
HTT	full mutation		0.52					42					50					42.00-45.00					1.56					A					50					2			
HTT	intermediate	4.74	5.94	1.45	4.58	2.12	27	27	27	29	27	48.39	39.13	33.33	29.41	22.22	27.00-34.00	27.00-33.00	27.00-32.00	27.00-34.00	27.00-34.00	4.27	4.02	3.21	3.16	4.92	CAA	CAA	CAA	CAA	CAA	74.36	85.19	66.67	88.24	37.50	31	23	6	17	9
HTT	normal	95.26	93.54	98.55	94.88	96.94	17	19	19	19	19	26.00	30.66	49.39	40.06	48.06	12.00-26.00	12.00-26.00	11.00-26.00	11.00-26.00	12.00-26.00	5.45	5.35	5.20	5.49	5.18	CAA	CAA	CAA	CAA	CAA	84.83	89.06	91.82	86.05	86.04	623	362	407	352	412
HTT	reduced penetrance				0.54	0.94				38	37				100	50				38.00-38.00	37.00-39.00				2.63	3.51				CAA	CAA				100	80				2	4
JPH3	normal	98.46	99.73	100	99.47	100	15	15	15	15	15	27.59	51.73	65.81	43.88	54.79	9.00-28.00	11.00-24.00	12.00-18.00	12.00-18.00	7.00-24.00	2.49	2.37	2.32	2.16	2.22	C	C	C	C	C	88.41	93.72	94.03	95.05	95.37	638	375	430	376	438
JPH3	unknown	1.54	0.27		0.53		29	29		31		60	100		50		29.00-34.00	29.00-29.00		31.00-35.00		1.09	1.14		8.50		C	C		C		100	100		33.33		10	1		2	
LRP12	normal	100	100	100	100	100	10	10	11	14	11	33.88	20.95	38.75	28.66	24.42	5.00-31.00	5.00-25.00	5.00-22.00	5.00-26.00	4.00-19.00	5.83	5.87	6.44	5.81	6.03	CGT	CGT	CGT	CGT	CGT	36.96	55.14	65.52	58.11	56.68	552	315	351	314	344
MARCHF6	normal	100	100	100	100	100	14	15	14	15	14	33.19	41.69	50.42	36.21	39.62	10.00-23.00	10.00-653.00	11.00-20.00	9.00-903.00	7.00-49.00	11.17	11.47	11.61	11.49	11.38	T	T	T	T	T	48.34	48.25	48.65	46.00	48.40	702	403	472	406	477
NIPA1	full mutation	0.18					11					100					11.00-11.00					0					.					100					1				
NIPA1	normal	99.82	100	100	100	100	8	8	8	8	8	63.22	61.11	53.33	71.01	74.93	5.00-10.00	6.00-10.00	5.00-10.00	0.00-10.00	3.00-10.00	0.22	0.24	0.22	0.55	0.24	.	.	.	.	.	96.86	96.92	97.24	97.07	97.54	541	324	360	307	363
NOP56	normal	99.85	100	100	100	100	3	5	5	5	5	37.15	40.99	55.76	45.34	55.06	1.00-10.00	2.00-9.00	1.00-9.00	1.00-10.00	1.00-10.00	2.88	1.52	1.44	1.31	1.54	.	.	.	.	.	84.66	91.56	89.91	90.18	90.07	646	383	434	386	445
NOP56	unknown	0.15					17					100					17.00-17.00					58.82					ACAGAG					9.09					1				
NOTCH2NLC	full mutation			0.30					64					100					64.00-64.00					3.12					GGA					100					1		
NOTCH2NLC	normal	99.79	100	99.40	100	100	19	20	15	13	20	18.35	18.63	23.80	16.31	16.72	6.00-32.00	12.00-30.00	8.00-39.00	12.00-40.00	7.00-32.00	12.06	12.87	13.09	12.55	13.13	GGA	GGA	GGA	GGA	GGA	73.07	83.76	77.39	76.04	78.48	485	306	332	325	341
NOTCH2NLC	unknown	0.21		0.30			59		43			100		100			59.00-59.00		43.00-43.00			14.53		4.65			CCA		GGA			16.67		100			1		1		
NUTM2B-AS1	normal	99.18	100	100	100	99.75	9	9	9	9	9	38.94	56.35	72.41	60.34	67.91	2.00-16.00	2.00-16.00	4.00-15.00	5.00-15.00	5.00-13.00	1.09	0.71	0.41	0.59	0.80	.	.	.	.	.	86.36	91.80	92.68	91.88	90.93	606	362	395	353	402
NUTM2B-AS1	unknown	0.82				0.25	17				20	80				100	17.00-22.00				20.00-20.00	3.88				40	.				AAG	50				16.67	5				1
PABPN1	full mutation	1.06	0.80	0.23	0.26	0.90	7	7	7	7	7	100	100	100	100	100	7.00-7.00	7.00-7.00	7.00-7.00	7.00-7.00	7.00-7.00	4.08	0	0	0	0	.	.	.	.	.	71.43	100	100	100	100	7	3	1	1	4
PABPN1	normal	98.94	99.20	99.77	99.74	99.10	6	6	6	6	6	99.23	100	99.77	99.73	99.10	5.00-6.00	6.00-6.00	5.00-6.00	5.00-6.00	5.00-6.00	0.10	0.11	0.03	0.12	0.17	.	.	.	.	.	98.92	98.11	99.77	98.67	98.19	651	370	442	377	442
PHOX2B	normal	100	100	100	100	100	18	18	18	18	18	95.37	93.17	89.71	92.88	94.13	12.00-20.00	5.00-20.00	11.00-20.00	5.00-20.00	11.00-20.00	40.97	41.19	41.52	41.00	41.37	AGC	AGC	AGC	AGC	AGC	25.07	24.98	25.02	25.29	25.05	626	366	408	351	409
PPP2R2B	normal	100	100	100	100	100	9	9	9	9	9	25.47	35.68	20.42	52.20	29.14	5.00-23.00	8.00-20.00	8.00-22.00	8.00-28.00	4.00-24.00	0.34	0.26	0.29	0.33	0.28	.	.	.	.	.	94.59	95.61	95.13	94.85	94.46	640	384	426	364	429
PRDM12	normal	100	100	99.77	99.48	99.77	12	12	12	11	12	45.43	52.81	60.28	54.62	50.56	5.00-14.00	6.00-14.00	6.00-14.00	5.00-14.00	5.00-14.00	0.48	0.17	0.64	0.30	0.28	.	.	.	.	.	92.51	96.17	90.53	93.67	93.71	656	392	428	379	443
PRDM12	unknown			0.23	0.52	0.23			16	16	15			100	50	100			16.00-16.00	16.00-17.00	15.00-15.00			0	0	2.17			.	.	C			100	100	100			1	2	1
PRNP	normal	100	100	100	100	100	5	5	5	5	5	79.36	96.40	99.76	98.63	99.06	3.00-5.00	4.00-5.00	4.00-5.00	4.00-5.00	4.00-5.00	0.61	0.63	0.63	0.63	0.63	CCTCAGGGCGGTGGT...	CCTCAGGGCGGTGGT...	CCTCAGGGCGGTGGT...	CCTCAGGGCGGTGGT...	CCTCAGGGCGGTGGT...	24.71	23.42	23.34	23.18	23.39	654	389	411	365	427
RAPGEF2	normal	100	100	100	100	100	18	19	18	20	18	23.04	27.99	46.83	23.88	34.36	13.00-37.00	14.00-24.00	6.00-271.00	14.00-48.00	14.00-23.00	6.19	5.53	5.41	5.73	5.97	TATTA	TATTA	TATTA	TATTA	TATTA	86.78	91.47	86.89	88.08	85.69	677	393	442	381	454
RFC1	full mutation	0.14	1.43	1.34	2.53	0.22	717	406	432	490	806	100	16.67	16.67	10	100	717.00-717.00	406.00-1279.00	432.00-864.00	490.00-1132.00	806.00-806.00	100	99.99	100	99.98	100	CCCCT	CCCTT	CCCTT	CCCTT	ATTAC	5.26	2.97	2.67	6.49	1.43	1	6	6	10	1
RFC1	normal	99.86	98.57	98.66	97.47	99.78	11	11	11	11	11	11.88	24.40	28.96	20.47	21.12	5.00-622.00	5.00-781.00	8.00-527.00	8.00-709.00	7.00-749.00	17.39	22.92	27.42	29.36	21.98	T	T	T	T	T	45.00	32.58	29.82	24.24	33.51	690	414	442	386	464
RILPL1	normal	100	100	99.30	100	99.53	11	11	11	11	11	84.17	92.12	94.60	94.12	93.43	8.00-15.00	10.00-15.00	10.00-15.00	8.00-14.00	10.00-15.00	8.86	9.64	8.85	9.76	8.96	CTG	CTG	CTG	CTG	CTG	87.48	88.56	89.64	84.76	85.81	657	368	426	374	426
RILPL1	unknown			0.70		0.47			17		17			66.67		100			17.00-21.00		17.00-17.00			5.51		6.79			CTG		CTG			100		66.67			3		2
RUNX2	full mutation			0.66					20					100					20.00-20.00					30.75					GCA					42.86					3		
RUNX2	normal	99.26	99.48	98.46	99.74	99.11	17	17	17	17	17	97.91	94.53	98.21	91.08	97.32	11.00-17.00	10.00-17.00	11.00-17.00	11.00-17.00	11.00-17.00	29.62	30.10	29.69	30.59	30.62	GCT	GCT	GCA	GCT	GCT	48.55	48.98	48.53	47.92	48.17	670	384	447	381	447
RUNX2	unknown	0.74	0.52	0.88	0.26	0.89	18	19	18	19	18	100	100	100	100	100	18.00-18.00	19.00-19.00	18.00-18.00	19.00-19.00	18.00-18.00	31.11	37.93	31.94	31.58	29.17	GCA	C	GCT	GCA	GCA	41.67	25	26.67	50	44.44	5	2	4	1	4
SAMD12	normal	100	100	100	100	100	19	19	19	19	19	20.26	25.24	24.12	27.52	18.64	13.00-326.00	14.00-409.00	14.00-1374.00	15.00-30.00	13.00-1222.00	17.26	13.66	13.70	14.36	14.67	T	T	T	T	T	24.46	28.52	27.63	27.25	26.67	696	420	456	407	472
SOX3	normal	99.58	99.29	98.81	100	99.67	15	15	15	15	15	97.07	97.85	96.08	97.41	96.72	13.00-15.00	13.00-15.00	8.00-15.00	14.00-15.00	14.00-15.00	33.85	33.07	33.94	33.63	33.79	GCG	GCG	GCG	GCG	GCG	32.04	33.29	32.26	32.61	32.14	478	279	332	270	305
SOX3	unknown	0.42	0.71	1.19		0.33	16	16	16		16	100	100	100		100	16.00-16.00	16.00-16.00	16.00-16.00		16.00-16.00	34.38	34.38	36.29		37.50	GCA	GCA	GCA		G	33.33	33.33	25		20	2	2	4		1
STARD7	normal	100	100	100	100	100	12	11	13	11	11	32.37	22.99	21.18	26.04	33.82	8.00-449.00	2.00-1459.00	2.00-56.00	2.00-319.00	2.00-307.00	14.70	25.51	37.55	20.15	27.72	T	T	T	T	T	47.40	37.01	31.07	41.20	35.84	695	422	458	407	476
TAF1	normal	100	100	100	100	100	10.50	10.50	10.50	10.50	8.33	39.54	42.80	45.60	36.32	39.30	8.00-15.67	7.83-11.83	7.50-10.83	8.17-12.33	7.67-12.17						.	.	.	.	.	100	100	100	100	100	392	236	250	201	257
TBP	normal	99.70	98.75	99.11	99.21	97.56	35	37	36	38	37	35.66	44.05	47.52	36.94	27.50	25.00-40.00	28.00-40.00	16.00-40.00	28.00-40.00	26.00-40.00	17.04	16.50	16.65	16.35	16.36	CAA	CAA	CAA	CAA	CAA	92.83	91.22	89.52	89.81	91.48	673	395	444	379	440
TBP	reduced penetrance	0.30	1.25	0.89	0.79	2.44	41	42	41	41	41	100	60	50	100	36.36	41.00-41.00	41.00-42.00	41.00-44.00	41.00-41.00	41.00-45.00	13.41	14.43	14.33	15.44	14.30	CAA	CAA	CAA	CAA	CAA	100	100	50	100	91.67	2	5	4	3	11
TBX1	normal	99.54	99.49	99.76	99.73	99.76	15	15	15	15	15	98.76	99.49	98.81	98.63	98.57	14.00-15.00	14.00-15.00	14.00-15.00	14.00-15.00	13.00-15.00	33.08	33.13	33.21	33.08	33.19	GCG	GCG	GCG	GCG	GCG	33.01	32.66	32.48	32.79	32.99	644	390	421	365	420
TBX1	unknown	0.46	0.51	0.24	0.27	0.24	16	16	16	16	16	100	50	100	100	100	16.00-16.00	16.00-18.00	16.00-16.00	16.00-16.00	16.00-16.00	33.33	38.20	31.25	37.50	38.78	GCG	GCG	GCA	GCA	AGC	25	22.22	33.33	25	16.67	3	2	1	1	1
TCF4	full mutation	0.62	2.07	0.94	2.13	1.64	77	62	83	59	75	25	25	25	12.50	28.57	77.00-816.00	62.00-160.00	83.00-99.00	59.00-130.00	54.00-97.00	12.01	4.84	0.09	5.80	1.32	.	.	.	.	.	75	19.05	75	44.44	42.86	4	8	4	8	7
TCF4	normal	98.76	96.11	96.24	95.20	95.32	14	16	10	10	10	14.08	23.45	21.71	27.45	24.57	7.00-31.00	5.00-31.00	8.00-31.00	6.00-30.00	9.00-31.00	0.97	2.72	1.23	1.83	1.67	.	.	.	.	.	81.65	55.99	77.67	69.17	69.44	639	371	410	357	407
TCF4	unknown	0.62	1.81	2.82	2.67	3.04	32	35	33	32	32	50	57.14	25	40	23.08	32.00-46.00	32.00-36.00	33.00-43.00	32.00-46.00	32.00-49.00	0	0	0.21	0.08	0.69	.	.	.	.	.	100	100	91.67	90	69.23	4	7	12	10	13
THAP11	normal	99.55	99.74	99.54	99.48	98.41	29	30	30	30	30	43.05	73.58	90.07	81.72	76.73	21.00-38.00	20.00-32.00	24.00-37.00	27.00-32.00	26.00-38.00	14.31	14.46	14.38	14.32	14.30	CAA	CAA	CAA	CAA	CAA	47.72	48.31	47.73	47.99	47.96	669	386	433	383	434
THAP11	unknown	0.45	0.26	0.46	0.52	1.59	40	39	39	39	39	66.67	100	100	100	71.43	39.00-40.00	39.00-39.00	39.00-39.00	39.00-39.00	39.00-42.00	11.64	11.02	14.83	13.56	12.93	CAA	CAA	CAA	CAA	CAA	50	50	50	50	43.75	3	1	2	2	7
TNRC6A	normal	100	100	100	100	100	12	14	10	12	12	25.77	18.52	17.28	26.62	26.82	9.00-841.00	9.00-23.00	9.00-691.00	9.00-20.00	9.00-1016.00	1.67	1.54	1.50	1.98	1.86	A	A	A	A	A	65.25	64.92	69.48	74.94	66.09	710	405	463	402	466
VWA1	full mutation	0.15					3					100					3.00-3.00					0					.					100					1				
VWA1	normal	99.85	100	100	100	100	2	2	2	2	2	99.39	99.73	97.73	97.33	98.87	1.00-2.00	1.00-2.00	1.00-2.00	1.00-2.00	1.00-2.00	1.38	1.17	1.93	3.25	2.36	.	.	.	.	.	95.11	95.50	94.18	90.13	92.09	661	372	441	374	442
XYLT1	normal		0.28		0.29			7		20			100		100			7.00-7.00		20.00-20.00			86.36		35			CAA		AG			25		14.29			1		1	
XYLT1	unknown	100	99.72	100	99.71	100	33	33	33	33	33	42.83	44.32	48.90	29.07	54.80	22.00-54.00	22.00-66.00	25.00-38.00	24.00-63.00	26.00-44.00	31.98	31.88	32.68	31.55	32.63	AGG	CGA	CGA	CGA	CGA	11.46	11.51	11.26	11.47	11.35	593	352	409	344	396
YEATS2	normal	100	100	100	100	100	14	9	9	9	9	11.21	25.06	25.43	33.66	33.13	9.00-43.00	9.00-43.00	7.00-43.00	9.00-43.00	6.00-272.00	64.72	56.89	53.50	57.11	54.66	ATGTT	ATGTT	ATGTT	ATGTT	ATGTT	18.31	20.08	19.21	19.22	20.63	696	427	464	404	486
ZIC2	normal	99.07	99.23	99.54	99.47	99.11	15	15	15	15	15	99.53	99.48	99.54	98.94	99.11	14.00-15.00	13.00-15.00	14.00-15.00	14.00-15.00	10.00-15.00	19.89	19.90	19.94	19.96	19.91	GCC	GCC	GCC	GCT	GCT	33.21	33.25	33.10	33.42	33.01	642	388	434	378	447
ZIC2	unknown	0.93	0.77	0.46	0.53	0.89	17	16	16	16	16	83.33	66.67	100	100	100	16.00-17.00	16.00-17.00	16.00-16.00	16.00-16.00	16.00-16.00	19.92	18.38	28.12	25	21.88	GCA	GCA	GCC	GCC	GCA	31.58	33.33	22.22	33.33	30.77	6	3	2	2	4
ZIC3	full mutation				1.05					12					66.67					12.00-14.00					7.93					GCT					100					3	
ZIC3	normal	99.23	98.71	99.71	97.91	98.82	10	10	10	10	10	97.48	97.70	97.70	96.44	95.83	9.00-10.00	8.00-10.00	9.00-10.00	9.00-10.00	8.00-10.00	9.83	10.40	10.46	10.21	10.46	GCT	GCT	GCT	GCT	GCT	89.54	93.21	92.02	92.98	93.30	516	305	348	281	336
ZIC3	unknown	0.77	1.29	0.29	1.05	1.18	11	11	11	11	11	100	100	100	100	100	11.00-11.00	11.00-11.00	11.00-11.00	11.00-11.00	11.00-11.00	10.43	9.09	31.43	9.09	14.30	GCT	GCT	C	GCT	GCT	66.67	100	25	100	57.14	4	4	1	3	4
ZNF713	full mutation	0.17					469					100					469.00-469.00					1.85					AGC					11.11					1				
ZNF713	normal	98.60	99.06	99.47	99.38	99.73	7	7	13	7	7	21.81	20.25	21.28	22.96	25.95	3.00-21.00	5.00-19.00	5.00-19.00	5.00-22.00	5.00-18.00	0.89	1.67	0.48	1.90	1.43	.	.	.	.	.	90.33	83.65	93.39	80.56	85.33	564	316	376	318	370
ZNF713	unknown	1.22	0.94	0.53	0.62	0.27	24	23	23	27	27	14.29	33.33	50	100	100	24.00-184.00	23.00-31.00	23.00-25.00	27.00-27.00	27.00-27.00	4.97	0	18.31	17.47	0	.	.	.	.	.	25	100	10	10	100	7	3	2	2	1